pathway,37,38,39,40,41,42,43,44,45,46,47,48,91,92,93,94,95,96,97,98,99,100,101,102,level3,level2,level1
kegg1,15328.72,35424.93,19774.33,21199.19,21548.63,25240.84,20626.15,19389.02,20491.25,27075.71,21707.34,21765.56,18795.2,14432.1,15408.97,15341.82,18831.11,16128.33,14810.01,17936.85,18959.44,24072.54,17509.83,21525.45,Cellular Processes, Cell growth and death, Apoptosis
kegg2,225,88,95,182.5,174,77.5,62,167,274,49.75,162.5,168,275,300.5,241,217.5,432,213.5,195,387,218.5,83,100.5,234,Cellular Processes, Cell growth and death, Cell cycle
kegg3,353663.43,388181.74,328576.83,355611.82,350781.17,366633.35,360939.63,345623.67,363464.6,390168.71,360689.21,357375.71,350743.77,323664.41,338262.99,340651.19,346872.07,331381.14,341725.04,343238.87,344275.21,352562.47,353724.08,353523.39,Cellular Processes, Cell growth and death, Cell cycle - Caulobacter
kegg4,0,0,0,0,0,0,0,0,0,0.75,0,0,1,0,70.5,0,0,0,0,0,0,0,0,0,Cellular Processes, Cell growth and death, Cell cycle - yeast
kegg5,31339.9,37679.35,28160.52,29815.29,32261.27,33671.34,32772.79,29951.58,30977.12,32596.02,32166.5,31293.59,29767.25,26237.12,31671.5,28822.22,29049.24,30500.55,28441.81,29652.62,30636.5,31114.99,27356.55,30446.95,Cellular Processes, Cell growth and death, Meiosis - yeast
kegg6,66,24,38,51,65,91,78,92,19.5,28,56.5,26,45.5,40.5,95.25,32.5,38,29,45,49.5,29,32,54,53,Cellular Processes, Cell growth and death, Oocyte meiosis
kegg7,13987.73,31219.4,17631.83,19493.89,19584.17,23101.9,19003.15,17998.77,18639.08,24932.81,19649.26,19962.12,17461.54,13296.02,13989.15,13717.76,17492.43,14492.06,13632.01,15966.43,16829.44,21371.11,15843.65,18977.21,Cellular Processes, Cell growth and death, p53 signaling pathway
kegg8,335559.4,650688.01,405510.19,422891.06,401537.62,431361.5,399275.33,385199.83,384297.82,473392.64,421200.19,431380.09,385438.26,332274.68,335683.58,341259.56,369335.23,350576.89,317207.87,354280.06,383264.11,458581.9,417256.5,428190,Cellular Processes, Cell motility, Bacterial chemotaxis
kegg9,372635.56,678589.48,525731.62,515854.58,478813.15,532359.66,497404.21,495410.93,467983.82,586075.03,528759.77,540980.4,502422.61,432515.3,416792.9,419462.6,469604.53,434184.53,392437.4,441418.13,474355.02,581285.12,546858.54,531441.25,Cellular Processes, Cell motility, Flagellar assembly
kegg10,0,162.5,95.67,52.17,68.5,55.67,234.84,17.33,98.67,92.67,73.66,48,47,23.33,92.83,36,43.17,74,24.67,83.5,34.33,61.5,49.5,27.33,Cellular Processes, Cell motility, Regulation of actin cytoskeleton
kegg11,0,0,0,0,0,0,0,0,0,0,0,10,0,0,19,0,0,5.5,0,0,0,0,0,0,Cellular Processes, Cellular community - eukaryotes, Adherens junction
kegg12,0,156.17,95.67,41.5,17,55.67,217.67,0,89.17,63.67,63.33,38,47,17,67.33,36,34.67,58,20,83.5,29.33,53.33,42.67,12,Cellular Processes, Cellular community - eukaryotes, Focal adhesion
kegg13,569,794,1207,1010,830,1232,1232,1378,1369,1820,1249,1394,962,1183,1044,1260,1379,876,1200,656,1170,989,788,1275,Cellular Processes, Cellular community - eukaryotes, Gap junction
kegg14,0,0,0,0,0,0,0,0,0,0,0,0,1,0,70,0,0,0,0,0,0,0,0,0,Cellular Processes, Cellular community - eukaryotes, Tight junction
kegg15,60989.9,95474.88,62081.76,64834.85,61032.45,64157.05,59213.49,60023.84,61484.64,76412.65,65821.87,69450.19,66898,56775,54565.28,61472.37,60317.4,59822.11,55501.66,59547.87,63481.7,71315.21,63373.16,66288.72,Cellular Processes, Cellular community - prokaryotes, Biofilm formation - Vibrio cholerae
kegg16,73.5,173,60,69,97,71,96,13,48,64,112,91,44.67,104,77.5,64,118.5,76,70,34,100,134.5,86,94,Cellular Processes, Transport and catabolism, Endocytosis
kegg17,15675.83,16436.64,17101.19,20111.16,18658.52,20367.13,16671.03,17622.63,16769.94,23175.42,18738.5,21182.67,19217.6,14663.84,14556.05,18177.5,16474.82,14730.32,15370.54,18761.95,17663.53,22887.55,18706.51,20502.26,Cellular Processes, Transport and catabolism, Lysosome
kegg18,177885.6,240640.76,180977.22,188968.96,185537.7,200729.75,189999.62,179909.31,177561.97,191686.35,186913.92,190126.39,171923.65,157775.8,174539.54,164368.57,170737.57,166103.3,157509.33,170811.84,175355.38,189514.36,199339.09,182606.23,Cellular Processes, Transport and catabolism, Peroxisome
kegg19,1019,1080.17,1492.67,1400.5,1195,1410.67,1573.67,1712,2006.17,1980.67,1629.33,1748,1555,1799,1559.33,1731,2263.67,1303,1610,1499.5,1636.33,1204.33,1031.67,1755,Cellular Processes, Transport and catabolism, Phagosome
kegg20,2039456.39,2383844.7,1635271.29,1825119.11,1809677.91,1856036.2,1803285.96,1664410.97,1542450.01,1636627.73,1675438.97,1744242.93,1468226.66,1440633.77,1637824.51,1434795.05,1532536.01,1588430.39,1394693.97,1597459.07,1562645.9,1721907.47,1834302.44,1665140.24,Environmental Information Processing, Membrane transport, ABC transporters
kegg21,455687.37,695870.14,497943.1,541683.1,517061.77,550626.92,498836.72,498216.57,517051.68,612708.69,537789.39,570100.65,548426.14,460256.73,461127.51,498338.33,495139.31,473767.58,469679.32,502206.56,512782.05,581235.76,506955.63,540181.57,Environmental Information Processing, Membrane transport, Bacterial secretion system
kegg22,55360.95,113600.76,69889.25,75729.88,73569.2,74094.65,71297.92,65103.94,69160.32,75770.44,66556.25,71371.77,64779.76,64535.57,59061.72,67347.94,67259.62,59374.17,66229.7,67172.68,69734.83,72186.13,122351.13,73814.77,Environmental Information Processing, Membrane transport, Phosphotransferase system (PTS)
kegg23,397.5,145.5,203,284.83,474.25,373.83,263.5,386.17,247.33,132.5,327,256.33,538,195.33,715,394.83,275.49,1211.83,218.17,321,648.33,160,269.17,183.34,Environmental Information Processing, Signal transduction, Calcium signaling pathway
kegg24,0,46,2,0,16,16,0,0,0.5,4,9.5,0,9.5,2.5,35,2.5,2,2,2,5.5,0,0,1,4,Environmental Information Processing, Signal transduction, ErbB signaling pathway
kegg25,0,0,0,0,0,16,0,0,0,0,4,0,2,1,0,0,2,2,0,2,0,0,0,0,Environmental Information Processing, Signal transduction, Jak-STAT signaling pathway
kegg26,0,1,0,0,0,16,0,0,0,0,4,0,2,1,4.25,0,5,2,0,2,0,0,2,0,Environmental Information Processing, Signal transduction, MAPK signaling pathway
kegg27,0,0,0,0,0,16,0,0,0,0,4,0,2,1,0,0,2,2,0,2,0,0,0,0,Environmental Information Processing, Signal transduction, MAPK signaling pathway - fly
kegg28,24040,30561.54,20823.94,22647.63,22343.4,23928.81,22809.26,19734.3,19712.83,24481.04,21866.02,22652.99,20011.98,17377.36,18110.95,17269.4,18635.93,19256.7,15995.9,19016.36,20199.35,24640.57,24152.98,21441.5,Environmental Information Processing, Signal transduction, MAPK signaling pathway - yeast
kegg29,126.99,92.34,49.34,176.49,156.16,41.66,69.51,134.99,66.66,33.32,104.83,75.34,122.62,95.52,91.33,123.34,59.63,83.68,124.98,119.85,79.01,37.34,107.02,73,Environmental Information Processing, Signal transduction, Notch signaling pathway
kegg30,81808.46,80087.06,66243.2,72031.89,71263.12,75697.49,73671.87,72925.14,69923.56,75895.33,73620.59,73837.29,71205.81,67756.02,69163.07,67822.65,70401.22,69235.79,66315.23,69059.77,70112.14,73147.03,69344.65,71434.43,Environmental Information Processing, Signal transduction, Phosphatidylinositol signaling system
kegg31,0,0,0,0,0,0,0,0,0,0,0,0,1,0,70,0,0,0,0,0,0,0,0,0,Environmental Information Processing, Signal transduction, TGF-beta signaling pathway
kegg32,1158964.52,1828822.22,1223762.99,1305398.83,1266310.58,1340683.08,1247170.74,1219294.94,1207033.2,1407688.45,1303208.46,1341593.97,1230700.41,1099591.98,1121125.39,1147998.55,1171750,1145848.95,1077186.87,1181587.37,1232425.24,1377770.67,1338819.74,1292514.6,Environmental Information Processing, Signal transduction, Two-component system
kegg33,233,80,146,172,262,252,206,283,226,125,279,196.5,95,134,215.75,97,130,109,61,143,175,141,136,131.5,Environmental Information Processing, Signal transduction, VEGF signaling pathway
kegg34,126.99,93.34,51.34,176.49,172.16,41.66,69.51,134.99,67.16,37.32,110.33,75.34,131.12,97.02,167.58,125.84,62.63,83.68,126.98,123.35,79.01,37.34,110.02,77,Environmental Information Processing, Signal transduction, Wnt signaling pathway
kegg35,225,88,95,174.5,174,77.5,62,167,274,49,162.5,168,275,300.5,240.5,217.5,432,186.5,195,387,218.5,83,100.5,234,Environmental Information Processing, Signal transduction, mTOR signaling pathway
kegg36,170,47,79.83,91.67,220.67,195.5,90,98,70.17,72,28.5,76,20,42,48,33.5,57,25,56,42,24,33,70.5,37.5,Environmental Information Processing, Signaling molecules and interaction, Cell adhesion molecules (CAMs)
kegg37,170,157.17,175.5,133.17,237.67,235.17,307.67,98,159.34,135.67,87.83,94,65,58,82.33,69.5,81.67,81,76,113.5,53.33,82.33,113.17,49.5,Environmental Information Processing, Signaling molecules and interaction, ECM-receptor interaction
kegg38,23.75,82.33,0,24.67,30.5,22,17.17,17.33,26.5,41,35.33,18,20,7.33,23,12,28.5,38.5,4.67,106,28.25,53.17,22.83,13.33,Environmental Information Processing, Signaling molecules and interaction, Neuroactive ligand-receptor interaction
kegg39,8451.25,5062.76,8956.14,9143.18,8391.43,8888,8728.01,8918.5,7664.18,4498,7465.98,7984.25,6103.75,7909.23,11281.76,5684.5,8234.27,7245.48,6397.7,9210.51,8027.23,5803.85,7464.5,7169.75,Genetic Information Processing," Folding, sorting and degradation", Proteasome
kegg40,387810.38,408036.45,357403.09,392455.19,384581.49,394674.78,383944.16,391778.8,394206.23,411102.2,398699.96,399317.13,396086.48,376128.65,377963.24,394735.76,389867.1,373795.67,391600.94,391682.5,387190.89,384499.55,398369.28,390879.13,Genetic Information Processing," Folding, sorting and degradation", Protein export
kegg41,51387.34,59039.28,45987.09,51970.61,51851.94,52518.19,48763.18,51002.11,50725.61,49131.65,51437.65,50955.17,52146.98,49881.14,49532.44,51558.98,53382.84,49815.79,49560.71,54183.07,51148.11,47916.83,53355.68,51191.18,Genetic Information Processing," Folding, sorting and degradation", Protein processing in endoplasmic reticulum
kegg42,322450.58,359368.59,282306.57,312020.95,309362.83,319091.47,305522.6,303976.89,312897.87,334552.21,316971.92,320231.98,311536.09,288129.33,296562.36,304573.91,302065.39,293615.11,294113.13,303876.23,307648.27,316608.34,312576.52,311570.46,Genetic Information Processing," Folding, sorting and degradation", RNA degradation
kegg43,245628.45,253770.38,209296.25,229693.28,223530.56,230034.28,223890.32,230438.44,225538.83,232383.02,231104.24,231013.07,225673.62,220061.89,221799.68,225274.48,225156.27,220900.7,224153.61,224505.32,223834.09,212919.78,229316.28,225363.1,Genetic Information Processing," Folding, sorting and degradation", Sulfur relay system
kegg44,0,46,0,0,0,0,0,0,0,0,0,0,0,0,33,0,0,0,0,0,0,0,0,0,Genetic Information Processing," Folding, sorting and degradation", Ubiquitin mediated proteolysis
kegg45,282463.5,341940.15,283499.49,308045.89,296708.98,317778.08,306610.63,297748.41,298998.48,325835.47,307959.02,314475.4,291114.31,271808.72,289085.68,283349.57,288758.19,274208.01,273239.48,289042.65,294234.7,312699.52,299191.74,302577.82,Genetic Information Processing, Replication and repair, Base excision repair
kegg46,355125.71,406352.12,338201.39,372353.84,361801.63,379613.92,367606.07,363665.39,365788.21,393967.31,372884.72,376688.46,362275.44,343308.35,352506.16,360716.21,362269.39,342971.57,353648.19,360838.41,361202.99,372707.23,373800.37,369661.82,Genetic Information Processing, Replication and repair, DNA replication
kegg47,483715.68,530315.3,457455.63,499649.64,485265.94,511485.85,501364.81,496710.54,494738.82,531581.93,508311.1,510892.53,492726.26,471652.08,480654.1,492055.98,492053.59,469837.28,482172.43,487879.74,489995.7,506132.46,499368.03,498819.55,Genetic Information Processing, Replication and repair, Homologous recombination
kegg48,431527.32,477639.89,394057.13,436323.54,424233.27,442438.96,425506.32,423628,426919.17,459043.69,435088.13,439348.9,428571.35,403842.92,412130.1,428649.26,422451.65,407999.05,418482.38,425470.75,424659,435101.22,440539.76,432097.36,Genetic Information Processing, Replication and repair, Mismatch repair
kegg49,25760.33,33332.05,27876.58,27837.73,27683.13,31072.03,29972.11,25318.16,26999.47,30861.05,27579.69,27916.24,23641.92,20379.94,25630.31,20632.72,23711.15,21825.28,20038.86,25519.09,25505.16,31833.05,28032,27516.88,Genetic Information Processing, Replication and repair, Non-homologous end-joining
kegg50,238735.74,264395.26,224508.97,247469.81,239627.99,249853.62,241658.9,240395.88,240195.26,250561.21,245794.14,247377.93,238652.36,225712.89,237744.08,238182.82,236632.06,227908.62,233275.08,238572.47,237528.24,239202.38,243050.42,241877.19,Genetic Information Processing, Replication and repair, Nucleotide excision repair
kegg51,1575,616,665,1221.5,1218,542.5,434,1169,1918,338,1137.5,1176,1925,2103.5,1683.5,1522.5,3014,1305.5,1365,2709,1529.5,581,703.5,1638,Genetic Information Processing, Transcription, Basal transcription factors
kegg52,416869.65,451724.03,387988.54,426060.62,416498.44,430367.11,421464.76,424957.85,409610.03,429225.3,429509.49,430251.81,421572.01,400106.13,407456.19,420122.26,409775.86,400414.84,408740.71,418962.8,411527.29,417009.9,438246.98,418800.15,Genetic Information Processing, Transcription, RNA polymerase
kegg53,72,56,45,144,221,114,59,122,220,178,214,165,282,159,189,445,217,323,430,221,250,24,192,182,Genetic Information Processing, Transcription, Spliceosome
kegg54,673466.96,702606.65,611996.92,679589.77,668058.4,682639.56,667996.05,685606.33,679652.56,695746.55,690318.89,685402.25,686590.46,657651.68,661621.25,693827.59,680486.21,650286.69,685386.19,683277.33,668639.75,654281.16,685019.79,677783.5,Genetic Information Processing, Translation, Aminoacyl-tRNA biosynthesis
kegg55,52011.36,44867.54,35528.28,38280.78,37065.1,37812.74,37516.24,37716.67,36394.05,35861.5,38485.94,38547.93,37505.52,37382.58,38242.42,38296,39443.78,40624.2,35054.17,38674.05,38344.62,36960.29,36450.43,38281.36,Genetic Information Processing, Translation, RNA transport
kegg56,1355529.58,1375893.79,1226992.89,1362328.62,1331093.3,1368131.7,1344778.93,1368966.97,1366189.5,1409767.54,1387343.17,1381882.02,1380315.16,1320465.52,1330221.66,1382650.14,1371385.85,1308289.73,1370427.18,1370318.43,1344261.67,1332008.55,1356716.38,1359761.04,Genetic Information Processing, Translation, Ribosome
kegg57,39845.95,43885.11,33346.27,37242.61,36700.54,36988.18,35443.14,35819.37,36837.12,38133.79,37388.5,38939.78,37104.46,34916.57,35586.48,35143.16,37178.87,34411.37,33105.12,37364.15,36736.74,38707.75,34549.94,36793.12,Genetic Information Processing, Translation, Ribosome biogenesis in eukaryotes
kegg58,979,1828.83,846,748.67,904.5,711.5,698.17,834.33,1057.5,422.5,843.83,776,801.5,921.33,1048.5,822.5,1204,700,704.67,1139,893,510.67,481.33,876.33,Genetic Information Processing, Translation, mRNA surveillance pathway
kegg59,52963.15,76881.2,51162.74,57720.51,56257.82,61446.04,54412.38,54059.49,54314.47,64672.8,56753.82,58392.52,53419.81,46882.48,47208.55,48143.42,52242.04,48542.97,46648.89,50879.46,52294.65,58970.75,52539.51,55676.09,Human Diseases, Cancer: overview, Pathways in cancer
kegg60,0,0,0,0,0,16,0,0,0,0,4,0,2,1,0,0,2,2,0,2,0,0,0,0,Human Diseases, Cancer: specific types, Acute myeloid leukemia
kegg61,5467.56,7065.11,5531.69,7494.59,5926.92,6369.61,5336.18,5915.75,5174.47,5490.78,6033.99,6424.92,5990.37,4594.84,6325.04,5066.84,4641.64,5532.96,4768.54,5363.29,4899.57,4752.36,5831.11,5461.1,Human Diseases, Cancer: specific types, Bladder cancer
kegg62,126.99,92.34,49.34,176.49,156.16,57.66,69.51,134.99,66.66,33.32,108.83,75.34,124.62,96.52,91.33,123.34,61.63,85.68,124.98,121.85,79.01,37.34,107.02,73,Human Diseases, Cancer: specific types, Chronic myeloid leukemia
kegg63,13987.73,31173.4,17631.83,19485.89,19584.17,23101.9,19003.15,17998.77,18639.08,24932.81,19649.26,19962.12,17461.54,13296.02,13956.15,13717.76,17492.43,14465.06,13632.01,15966.43,16829.44,21371.11,15843.65,18977.21,Human Diseases, Cancer: specific types, Colorectal cancer
kegg64,0,0,0,0,0,16,0,0,0,0,4,0,2,1,0,0,2,2,0,2,0,0,0,0,Human Diseases, Cancer: specific types, Endometrial cancer
kegg65,66,23,38,51,65,107,78,92,19.5,28,60.5,26,46.5,41.5,21,32.5,37,31,45,51.5,29,32,52,53,Human Diseases, Cancer: specific types, Glioma
kegg66,0,0,0,0,0,16,0,0,0,0,4,0,2,1,0,0,2,2,0,2,0,0,0,0,Human Diseases, Cancer: specific types, Non-small cell lung cancer
kegg67,208,88,95,162,156,53,62,167,253,48,146,168,259,287,224,203,414,177,184,361,205,83,78,215,Human Diseases, Cancer: specific types, Pancreatic cancer
kegg68,14167.34,18738.71,11754.88,14024.91,13236.17,13912.1,11327.95,11373.41,11065.95,14419.03,12388.99,13826.78,12141.61,10553.07,9916.09,10119.74,11101.45,10997.03,9210.05,10652.3,11568.23,13846.03,12962.94,12566.83,Human Diseases, Cancer: specific types, Prostate cancer
kegg69,24240.09,26755.75,21485.69,23699.22,22863.32,24101.38,23743.77,24102.32,24063.78,25114.64,24189.74,24163.78,23342.04,22517.87,22842.48,23882.58,23049.53,22713.2,23436.85,23638.88,23437.97,23492.27,23413.9,23712.55,Human Diseases, Cancer: specific types, Renal cell carcinoma
kegg70,14220.73,31252.4,17777.83,19657.89,19846.17,23353.9,19209.15,18281.77,18865.08,25057.81,19928.26,20158.62,17556.54,13430.02,14167.65,13814.76,17619.43,14574.06,13693.01,16109.43,17004.44,21512.11,15977.65,19108.71,Human Diseases, Cancer: specific types, Small cell lung cancer
kegg71,218,177.17,241.67,165.5,195,291.67,400.67,283,222.17,152.67,276.33,187,132,124,216.33,133,159.67,159,81,199.5,181.33,168.33,176.67,103,Human Diseases, Cardiovascular disease, Arrhythmogenic right ventricular cardiomyopathy (ARVC)
kegg72,228,209.84,241.67,180.17,202.67,291.67,400.67,283,222.17,156.67,276.33,187,132,124,216.33,133,159.67,178.67,98,199.5,199.33,168.33,176.67,130,Human Diseases, Cardiovascular disease, Dilated cardiomyopathy (DCM)
kegg73,2262.73,3952.76,3036.09,3759.93,3050,3600.24,3543.44,2530.57,3663.67,4920.97,3604.16,3838.5,4016.38,2077.61,2718.74,2861.33,2752.64,2616.6,2065.3,2346.93,3106.51,4284.09,1971.2,3172.34,Human Diseases, Cardiovascular disease, Hypertrophic cardiomyopathy (HCM)
kegg74,13987.73,31173.4,17631.83,19485.89,19584.17,23101.9,19003.15,17998.77,18639.08,24932.81,19649.26,19962.12,17461.54,13296.02,13956.15,13717.76,17492.43,14465.06,13632.01,15966.43,16829.44,21371.11,15843.65,18977.21,Human Diseases, Cardiovascular disease, Viral myocarditis
kegg75,2362.25,4623.53,4062.58,2164.25,3225.84,4032.44,4358.99,2639.42,4182.06,6431.41,4623.17,4147,3769.75,3319.21,2394.08,3433.17,3257.88,2652.28,3023,3619.45,4150.16,6812.97,3905.5,4083.39,Human Diseases, Drug resistance: antimicrobial, beta-Lactam resistance
kegg76,34707.15,34035.78,30802.44,35337.89,34615.95,35044.62,34646.33,34091.94,32652.72,32390.71,34197.91,34452.18,32730.21,31356.08,35685.3,32310.97,32630.36,33133.08,32197.25,33654.64,32425.55,31628.7,33784.29,32876.59,Human Diseases, Endocrine and metabolic disease, Type I diabetes mellitus
kegg77,32138.51,31074.58,25073.99,28042.35,27001.94,27654.18,26534.15,27136.71,26475.62,28401.19,27963.17,28393.08,27815.36,26304.36,26776.44,27409.08,26639.92,27701.7,26548.78,27098.16,26888.17,26860.34,26559.27,27084.8,Human Diseases, Endocrine and metabolic disease, Type II diabetes mellitus
kegg78,27797.08,33015.54,19402.58,24832.47,22221.5,23541.58,18878.85,17783.91,18393.85,22522.95,19999.06,23444.66,19203.22,15401.19,19898.47,16447.83,16516.5,19018.63,14092.54,18276.01,19358.36,22951.14,21001.22,20661.62,Human Diseases, Immune disease, Primary immunodeficiency
kegg79,399.99,232.66,260.66,507.01,638.17,556.33,417.51,474.33,485.67,418.4,543.5,445.99,533.48,400.17,581.49,660.33,504.33,571.83,582.16,429.83,625.67,236,523.68,432.01,Human Diseases, Immune disease, Systemic lupus erythematosus
kegg80,2165.49,3300.66,3848.66,3503.46,3287.83,4190.33,4100.01,4480.33,4451.44,5695.15,4123.5,4496.49,3147.91,3758.37,3790.41,4259.04,4411.23,3253,3800.82,2254.56,4011.17,3176.5,2621.51,4048.59,Human Diseases, Infectious disease: bacterial, Bacterial invasion of epithelial cells
kegg81,19006.02,36353.53,17293.71,21862.01,19119.58,19055.79,16213.64,15077.33,15256.29,19446.72,16986.38,18289.97,16467.98,14195.17,15261.81,14045.64,15096.26,17153.8,12677.4,15444.47,16784.85,17780.26,20321.9,18442.11,Human Diseases, Infectious disease: bacterial, Epithelial cell signaling in Helicobacter pylori infection
kegg82,569,794,1207,1010,863,1216,1232,1378,1369,1845,1245,1404,960,1182,1063,1261.67,1377,879.5,1200,654,1170,989,788,1275,Human Diseases, Infectious disease: bacterial, Pathogenic Escherichia coli infection
kegg83,0,147,0,0,38,0,0,0,0,23,0,10,0,0,19,21.71,0,5.5,0,0,0,0,0,9,Human Diseases, Infectious disease: bacterial, Shigellosis
kegg84,4635.49,7887.84,4752.33,4473.13,4745.06,4687,5036.43,3893.98,4299.99,4788.53,4436.84,4552.66,4057.1,3601.32,3505.81,3500.34,4251.5,3903.99,3546.38,3720.32,4291.67,4907.83,7992.6,4593.71,Human Diseases, Infectious disease: bacterial, Staphylococcus aureus infection
kegg85,1974.25,8317.75,1846.75,2712.25,2316.5,2339.75,2292.25,1711.75,2994.5,3074.5,2312,3070.5,3046.75,1457.25,2207.25,2147.5,2212,1860.75,1628,2783.25,2683,3578.25,1549,2503,Human Diseases, Infectious disease: bacterial, Vibrio cholerae infection
kegg86,9212.07,16080.03,9146.75,11423.76,10407.63,10726.11,10110.26,10667.75,12244.22,12312.9,10078,11094.82,12384.05,10308.68,11982.66,12813.17,10813.21,10276.12,12523.67,11575.44,11110.21,9688.13,8613.51,11164.29,Human Diseases, Infectious disease: parasitic, African trypanosomiasis
kegg87,10747.93,13259.09,10785.76,12917.84,12813.8,13317.7,11571.99,13135.7,12743.71,13469.85,12229.27,13633.35,13672.46,12150.86,12287.04,14779.2,12805.26,11643.75,13347.18,13054.22,13286.65,12342.12,13238.36,13049.82,Human Diseases, Infectious disease: parasitic, Amoebiasis
kegg88,9340.31,11757.12,9376.01,12167.17,10473.72,10976.35,10498.52,10324.49,12873.63,13975.05,10674.33,11873.33,14243.79,10121.12,11762.24,13072.67,10851.01,10669.88,12348.15,11778.71,11327.15,11552.39,8617.7,11370.76,Human Diseases, Infectious disease: parasitic, Chagas disease (American trypanosomiasis)
kegg89,233,79,146,172,262,252,206,283,226,125,279,196.5,95,134,211.5,97,127,109,61,143,175,141,134,131.5,Human Diseases, Infectious disease: parasitic, Leishmaniasis
kegg90,170,47,79.83,91.67,220.67,195.5,90,98,70.17,72,28.5,56,20,44,48,33.5,49,25,56,32,24,33,70.5,37.5,Human Diseases, Infectious disease: parasitic, Malaria
kegg91,14190.73,32691.4,17769.83,19670.89,19859.67,23313.9,19226.15,18103.77,18957.58,25096.81,19865.26,20211.12,17569.54,13357.02,14165.15,13909.76,17623.43,14581.06,13775.01,16105.43,17062.44,21577.11,15895.65,19208.21,Human Diseases, Infectious disease: parasitic, Toxoplasmosis
kegg92,225,88,95,174.5,174,93.5,62,167,274,49,166.5,168,278,301.5,317.5,217.5,434,188.5,195,389,218.5,83,100.5,234,Human Diseases, Infectious disease: viral, Hepatitis C
kegg93,68078.67,106719.21,78228.86,79641.5,80980.78,90332.81,84920.36,80336.89,83654.73,101127.71,86060.67,85922.02,77516.82,70392.36,69572.35,69353.82,78582.41,68870.36,67861.03,73542.37,78755.08,92166.82,78172.65,82795.47,Human Diseases, Neurodegenerative disease, Alzheimer disease
kegg94,37576.02,75262.36,42424.3,44696.4,44273.29,51359.62,44108.48,38267.68,40665.7,53007.83,43722.33,44789.47,38162.56,30690.61,32438.88,32013.99,37047.66,33658.76,29963.34,36699.75,38810.13,50437.29,46676.4,42973.65,Human Diseases, Neurodegenerative disease, Amyotrophic lateral sclerosis (ALS)
kegg95,82571.37,116110.33,84015.65,84499.83,86259.87,97547.99,90978.77,84430.99,90113.52,111177.71,92130.67,92084.38,84852.5,74670.68,72619.34,75271.06,84753.21,75005.45,71855.41,78969.63,85583.39,101637.67,85838.73,89851.99,Human Diseases, Neurodegenerative disease, Huntington disease
kegg96,40077.32,73462.41,52315.74,50908.66,52654.66,61042.77,56562.2,52548.12,55864.01,71908.73,57944.17,57532.06,50101.86,43573.24,42037.21,41862.95,51118.27,42495.88,40743.35,45644.44,51117.54,64213.55,47540.48,54735.17,Human Diseases, Neurodegenerative disease, Parkinson disease
kegg97,10332.02,11117.5,6279.35,5892.1,6674.84,7795.77,7365.42,4815.58,6975.89,8624.9,7002.66,6318.49,5912.71,4606.82,4603.83,5294.84,5326.06,5353.63,4593.32,5713.78,6486.17,8746.2,7794.74,6445.14,Human Diseases, Neurodegenerative disease, Prion diseases
kegg98,575492.81,612702.75,510188.07,557770.75,546976.08,566365.6,545765.18,552730.4,542888.83,563263.47,559987.47,565111.62,547940.56,521994.49,539741.92,542212.83,541895.98,529474.65,533467.5,550293.02,542733.04,540919.72,563973.78,550014.74,Metabolism, Amino acid metabolism," Alanine, aspartate and glutamate metabolism"
kegg99,768136.78,877980.75,667400.4,736459.25,721302.44,753354.51,719441.55,707977.58,693107.83,739224.44,720402.43,736977.67,695105.48,650277.51,688913.9,685248.51,681335.92,680830.66,665703.52,692338.47,691177.69,704559.16,743621.62,711603.89,Metabolism, Amino acid metabolism, Arginine and proline metabolism
kegg100,512279.38,596089.2,469499.93,518876.33,505041.59,526244.27,500097.78,502674.3,504483.2,545187.93,512758.38,528451.12,507152.7,477971.44,482709.7,507327.27,496348.34,476304.65,490659.49,502924.5,502827.98,518686.96,529396.61,512863.61,Metabolism, Amino acid metabolism, Cysteine and methionine metabolism
kegg101,584024.66,692878.76,557910.29,607865.91,601938.65,629271.43,608867.21,605110.57,599038.56,631491.49,611981.5,618082.19,584958.04,556897.96,583193.61,582077.1,581229.8,559511.83,572583.17,594120,586691.59,603426.57,613795.31,600285.99,Metabolism, Amino acid metabolism," Glycine, serine and threonine metabolism"
kegg102,339981.61,402076.08,330013.3,362778.12,354236.61,372447.92,359277.55,363427.04,350779.04,369809.5,363401.37,370434.04,354412.9,336940.9,348329.89,355750.05,347596.61,338207.48,345587.41,355561.75,352856.19,361027.77,368810.61,360600.32,Metabolism, Amino acid metabolism, Histidine metabolism
kegg103,377441.48,430058.19,352017.12,386638.19,379685.85,395533.41,386174.29,380931.43,375460.44,396069.3,387890.79,390241.54,373677.7,356726.69,367590.95,370796.57,373417.89,358711.38,365558.71,376024.51,371870.9,381372.25,391490.3,382376.09,Metabolism, Amino acid metabolism, Lysine biosynthesis
kegg104,196665.18,292015.65,218742.49,233741.1,236775.64,255795.84,247329.53,225908.09,231255.09,245081.1,235258.78,235493.92,208345.86,195635.14,222675.62,204007.21,214918.25,199412.04,200991.12,218230.05,222033.14,237824.57,232854.84,229362.17,Metabolism, Amino acid metabolism, Lysine degradation
kegg105,221034.98,296867.74,220219.94,237295.31,237168.48,258176.35,239740.39,230067.17,226375.71,253511.7,237482.66,244991.67,219209.32,198176.15,217941.15,211612.38,215863.24,207680.61,200711.66,216329.58,225211.83,246908.28,221100.02,233366.24,Metabolism, Amino acid metabolism, Phenylalanine metabolism
kegg106,487957.44,539597.94,453249.62,501306.54,489435.29,503901.7,486321.8,501274.45,489254.24,503982.55,501449.36,508511.36,497444.9,478451.39,482160.31,499206.91,492238.98,474578.61,489914.19,498547.99,485610.25,484349.34,498979.41,495003.47,Metabolism, Amino acid metabolism," Phenylalanine, tyrosine and tryptophan biosynthesis"
kegg107,299215.14,422890.08,317723.02,338257.61,341171.76,371513.56,354288.02,327425.6,332832.26,361251.59,342321.46,348047.5,309702.26,286629.71,318273.55,302534.22,309546.04,292937.02,293036.74,318885.31,324604.94,355752.02,334384.14,332398.13,Metabolism, Amino acid metabolism, Tryptophan metabolism
kegg108,216425.69,278519.05,202233.82,216767.81,220802.92,238895.35,218583.26,212294.74,214511.11,234963.11,218938.14,223023.69,204843.07,188550.02,204186.75,201452.72,202587.27,196808.15,194477.68,209777.19,213673.99,223287.16,213865.4,215796.89,Metabolism, Amino acid metabolism, Tyrosine metabolism
kegg109,499474.47,497500.47,443593.96,484952.3,476304.86,496199.69,487995.83,487998.84,470074.14,481738.92,490036.78,490894.33,470032.57,452359.25,471333.47,465324.98,468570.93,459420.51,459829.03,480386.4,465781.51,474535.64,488832.46,471759.18,Metabolism, Amino acid metabolism," Valine, leucine and isoleucine biosynthesis"
kegg110,492726.21,682491.94,525501.28,564495.22,568896.28,606172.83,592803.35,548253.49,561989.97,596774.54,574762.58,572359.49,520376.54,485940.2,536043.1,511931.27,525649.3,496900.37,504441.22,535493.98,539364.62,576247.12,561805.57,554301.2,Metabolism, Amino acid metabolism," Valine, leucine and isoleucine degradation"
kegg111,4442.49,5576.68,6009.66,5530.52,5856.01,5260.5,4608.34,6721.99,6148.99,4923.14,5869,5643.83,6995.49,6657.82,5401.31,8525.66,6381.51,6204.32,8661.36,6890,6080.33,3407.34,5102.16,5659.68,Metabolism, Biosynthesis of other secondary metabolites, Betalain biosynthesis
kegg112,1451.75,1619.25,1207.1,1284.67,1632.59,1674.5,1453.67,1374.5,1009.83,774.75,1029.66,1136.25,664.26,979.41,1319.75,853.66,954.25,1226.99,791.01,1270.34,1357.08,1009.84,2692.83,1188.76,Metabolism, Biosynthesis of other secondary metabolites, Caffeine metabolism
kegg113,2395.5,1632.99,2588.67,2054.33,2252,2637.33,3030.83,2787,2095.8,1700.33,3143.51,2221.83,1870.2,2136.93,2744.67,1774.5,2045.21,2370.65,1889.5,2333.37,2392.49,2320.34,2200.17,2330.76,Metabolism, Biosynthesis of other secondary metabolites, Flavone and flavonol biosynthesis
kegg114,10521.55,8004.5,5997.66,7422.52,6498.07,6061.01,5285.02,6181.33,5531.67,4834.78,6263.5,6723.48,6715.98,5623.52,6621.73,6103.16,5860.29,7526.67,5816.62,6662.51,6197.08,4795.18,5105.21,5560.48,Metabolism, Biosynthesis of other secondary metabolites, Flavonoid biosynthesis
kegg115,3449.99,4312.17,3524.17,4464.02,4576.33,3780.17,3199.35,5625.15,5450.83,3941.81,4507,4586.16,6176.31,5934.33,4788.82,7840.34,5452.34,5127.33,7938.35,5981.32,5305.01,2235.49,3888.67,4829.17,Metabolism, Biosynthesis of other secondary metabolites, Indole alkaloid biosynthesis
kegg116,2099,4153.17,3983,3399.67,3096.67,4148.5,4290,4398,4626.33,6089,4375,4798,3506.67,4062,3515,4116.67,4457,2907.67,3910,2286.5,4033.5,3758,2589.67,4483.67,Metabolism, Biosynthesis of other secondary metabolites, Isoflavonoid biosynthesis
kegg117,34962.77,51708.54,38987.26,41911.19,42580.47,45563.45,40413.68,42009.76,43034.63,46865.73,43742.35,43718.37,44116.15,39882.92,39672.05,45666.36,43076.22,40244.46,44221.29,43962.47,43457.68,42840.6,42575.62,43614.78,Metabolism, Biosynthesis of other secondary metabolites, Isoquinoline alkaloid biosynthesis
kegg118,37472.93,39468.31,36922.98,39807.16,38671.25,40354.63,40534.29,39830.73,37994.17,38591.94,40699.97,40095.05,38839.88,36462.64,38747.99,39437.14,37121.82,38640.56,38041.72,40591.75,38544.35,39438.9,38261.43,38788.59,Metabolism, Biosynthesis of other secondary metabolites," Neomycin, kanamycin and gentamicin biosynthesis"
kegg119,74473.99,96106,78841.78,86996.06,84739.72,89567.6,82834.76,86380.46,84421.82,90499.68,86999.26,88975.37,84832.6,80338.17,80951.11,84973.81,84905.09,78039.97,82332.58,83349.48,83269.17,84880.05,84489.95,86515.47,Metabolism, Biosynthesis of other secondary metabolites, Novobiocin biosynthesis
kegg120,16039.74,23822.16,18350.68,20140.76,20005.54,21541.34,19693.2,18827.99,21152.7,24894.18,20511.99,21972.09,20575.49,18006.1,18688.14,21037.07,18927.22,16907.33,19144.2,19876.73,20163.21,23102.12,17593.52,20958.38,Metabolism, Biosynthesis of other secondary metabolites, Penicillin and cephalosporin biosynthesis
kegg121,50417.84,46524.18,42369.54,52697.76,45266.72,50862.11,48026.46,42998.22,42016.11,49603.97,46075.98,51241.92,43933.92,33415.85,43423.94,36637.49,38549.07,39618.58,32397.25,41043.7,41189.72,49021.38,35825.96,44953.8,Metabolism, Biosynthesis of other secondary metabolites, Phenylpropanoid biosynthesis
kegg122,8388.22,11250.72,8297.81,8687.67,9928.21,10124.35,10344.54,8062.81,8906.01,5727.29,8292.18,8364.8,5728.6,5256.72,8631.24,5299.7,7262.05,6771.64,5161.55,6808.65,7107.6,6719.73,7272.5,6681.03,Metabolism, Biosynthesis of other secondary metabolites," Stilbenoid, diarylheptanoid and gingerol biosynthesis"
kegg123,223812.65,224438.81,196472.03,219708.87,212310,220084.13,212690.39,220888.96,204463.11,206357.04,216848.13,218087.31,210074.18,203281.31,213998.36,214076.64,207925.91,209672.95,207359.27,217016.65,207469.79,204920.24,210711.68,210934.23,Metabolism, Biosynthesis of other secondary metabolites, Streptomycin biosynthesis
kegg124,76759.14,100066.81,78529.61,84255.98,84098.46,90075.81,84169.07,84616.38,82581,88526.21,85650,88026.85,82094.13,77142.78,80559.01,81313.15,81434.99,76128.15,77635.89,82090.96,82316.72,85914.92,83244.83,83716.82,Metabolism, Biosynthesis of other secondary metabolites," Tropane, piperidine and pyridine alkaloid biosynthesis"
kegg125,657684.61,680616.72,572736.34,650341.79,627395.15,628175.35,601082.81,630212.49,609605.04,612384.93,631304.57,634906.29,634668.7,594499.6,620611.1,645764.73,606620.78,616975.33,632579.73,645039.93,613046.01,579442.42,650154.23,619604.79,Metabolism, Carbohydrate metabolism, Amino sugar and nucleotide sugar metabolism
kegg126,93224.11,130939.49,94266.66,103492.21,104104.04,111094.04,101246.33,99217.06,94001.29,107767.48,104313.04,105678.1,93407.8,84283.34,89707.13,90255.19,91459.98,89788.54,85598.21,95726.44,96113.68,106809.64,107773.87,102002.61,Metabolism, Carbohydrate metabolism, Ascorbate and aldarate metabolism
kegg127,542347.9,678035.62,539062.79,572463.42,573295.18,614123.22,599883.85,558752.22,553358.25,579625.24,578464.27,577140.23,520709.69,495069.94,547329.64,503879.36,528007.49,507844.33,493919.55,545711.23,544094.09,582452.06,583552.09,552991.85,Metabolism, Carbohydrate metabolism, Butanoate metabolism
kegg128,174373.48,182075.25,161156.29,177515.52,175939.95,180214.92,175762.1,179015.62,170191.57,170039.59,178937.44,177904.16,172592.83,164693.76,172072.53,168030.69,171409.39,167881.22,167253.09,175899.86,168345.69,170356.68,177739.38,171239.19,Metabolism, Carbohydrate metabolism, C5-Branched dibasic acid metabolism
kegg129,524859.68,607860.81,524566.71,568140.4,554600.08,585703.17,573783.52,564351.37,559803.98,591956.92,573612.02,575224.21,549924.8,527203.42,548533.35,546821.66,549770.8,518696.81,536715.18,556778.27,552145.01,569656.17,578009.7,561165.34,Metabolism, Carbohydrate metabolism, Citrate cycle (TCA cycle)
kegg130,263437.39,278935.9,223396.54,264163.46,256666.93,253102.32,238356.93,252136.58,242594.04,236863.84,248015.13,251193.82,254126.24,239722.18,252800.29,263550.23,243035.07,249858.86,257282.18,261264.2,249257.23,223723.21,275758.88,248600,Metabolism, Carbohydrate metabolism, Fructose and mannose metabolism
kegg131,248637.29,257011.67,226988.2,269020.57,247201.56,251088.01,244001.87,242651.01,231706.87,238821.24,248415.75,254070.01,244134.96,222102.27,244888.49,242701.85,228944.45,237033.59,236488.82,256488.52,236128.35,235490.58,260821.72,243295.85,Metabolism, Carbohydrate metabolism, Galactose metabolism
kegg132,620593.83,698937.71,574974.92,622490.8,606764.12,641811.8,621146.41,604053.16,584263.03,611142.96,610584.26,620419.39,573223.1,552286.04,593003.34,567518.49,574690.65,567581.54,552114.39,596653.63,587314.99,607523.06,646128.94,596689.01,Metabolism, Carbohydrate metabolism, Glycolysis / Gluconeogenesis
kegg133,462523.66,624358.13,470147.5,501301.69,498909.96,525358.16,497697.27,489947.85,479489.04,511082.65,501638.74,505298.25,464213.29,434659.2,459470.77,448245.88,459819.86,445596.55,435081.25,467787.52,473601.9,498278,494039.44,489444.06,Metabolism, Carbohydrate metabolism, Glyoxylate and dicarboxylate metabolism
kegg134,131686.38,128464.23,109028.73,123315.39,121239.68,130294.53,124673.15,124462.2,114457.71,116055.83,120135.04,121675.37,109703.75,108223.83,124632.03,107208.07,113357.66,111402.43,105347.18,115697.2,115206.64,116987.89,124435.27,116843.48,Metabolism, Carbohydrate metabolism, Inositol phosphate metabolism
kegg135,188663.12,234654.94,174562.54,210633.26,204514.47,212227.98,195601.04,192535.38,185098.74,198214.33,194927.84,201788.44,193095.66,175690.1,185585.65,194775.36,182625.82,179158.07,183142.82,200565.65,188302.91,196200.76,227146.42,197765.97,Metabolism, Carbohydrate metabolism, Pentose and glucuronate interconversions
kegg136,447511.11,483774.45,384702.74,436314.4,426988.1,435363.63,416178.07,427115.88,405908.11,416700.78,420553.44,430546.3,415564.47,392743.41,413000.42,419881.45,403875.39,409485.72,405677.53,430493.86,412608.72,410263.75,452039.29,417579.45,Metabolism, Carbohydrate metabolism, Pentose phosphate pathway
kegg137,508450.76,658856.55,508732.54,551658.54,556478.03,577093.1,555985.22,543401.96,540267.07,552171.61,551497.8,552386.63,518258.62,495218.51,525706.77,519310.12,521413.6,495003.89,513619.52,535583.56,529097.95,533199.98,565728.97,538749.1,Metabolism, Carbohydrate metabolism, Propanoate metabolism
kegg138,726714.13,828554.07,665107.9,722791.61,705559.77,746423.71,713099.22,691371.68,677786.14,717175.18,710768.86,719710.85,669538.94,639900.65,675391.78,655230.38,668235.93,655482.76,637891.79,689366.5,682075.32,710331.51,738788.8,694719.71,Metabolism, Carbohydrate metabolism, Pyruvate metabolism
kegg139,394603.59,419819.33,348261.89,398349.11,373721.07,387838.88,366878.43,361789.43,347217.04,366417.97,370894.05,382613.48,357799.38,326989.08,360823.71,348314.57,343822.32,353192.71,334474.95,366280.54,356404.8,355914.57,379327.93,363674.03,Metabolism, Carbohydrate metabolism, Starch and sucrose metabolism
kegg140,354084.13,353328.02,297545.84,327516,325005.47,338282.62,321021.97,327615.81,320959.92,339080.69,329598.59,333865.3,325292.56,309025.01,314596.64,322293.47,323441.69,316110.2,314682.42,323024.21,322055.83,319884.07,330157.23,324550.07,Metabolism, Energy metabolism, Carbon fixation in photosynthetic organisms
kegg141,668452.77,777554.17,655274.58,718637.52,707910.02,731659.54,709538.78,712814.11,713286.47,735752.87,719785.05,722216.71,707039.26,673585.28,692264.96,713468.22,702066.85,666495.17,702078.67,715991.29,701524.54,700126.99,725811.49,711234.16,Metabolism, Energy metabolism, Carbon fixation pathways in prokaryotes
kegg142,536047.31,618383.01,492241.36,524771.39,523322.47,552373.22,527055.16,511954.23,491693.1,504584.08,517447.31,524598.9,469738.61,459246.72,496082.69,459233.75,485856.57,470745,445820.19,489073.02,491000.23,505630.65,537461.29,498560.23,Metabolism, Energy metabolism, Methane metabolism
kegg143,431560.46,548970.17,375013.63,417717.96,408004.62,417667.64,378606.36,387307.46,380610.26,414202.53,394449.1,417847.17,391373.93,358195.3,375483.89,379647.13,372608.12,377716.24,362202.89,390913.13,386929.84,391557.16,410822.32,396031.72,Metabolism, Energy metabolism, Nitrogen metabolism
kegg144,1046571.15,1126650.16,974147.89,1052159.64,1032162.73,1072806.6,1037991.31,1048437.49,1048860.48,1115814.23,1068805.34,1077698.04,1048458.9,984718.76,1000667.68,1034998.06,1028335.1,988035.97,1009784.33,1030489.12,1028724.92,1048773.86,1035690.59,1048729.03,Metabolism, Energy metabolism, Oxidative phosphorylation
kegg145,424611.8,217588.24,196053.03,217718.3,218994.57,217816.05,210251.98,217026.22,218100.86,221735.74,218947.88,228412.82,239353.42,220599.13,239714.25,236467.17,222334.17,285783.08,221703.35,224907.87,240666.43,207550.24,219956.14,214682.86,Metabolism, Energy metabolism, Photosynthesis
kegg146,65889,836,327,1807.25,3460.92,1193.78,0,821.72,1369.28,136,846,3876.78,6891.11,4534.28,9307.17,5425.92,2891.15,22571.29,1639.25,3463.99,8668.45,230,1916.55,770.47,Metabolism, Energy metabolism, Photosynthesis - antenna proteins
kegg147,215581.57,248218.27,193864.55,207841.44,203876.11,220999.59,207634.03,198032.77,197893.28,219280.01,206563.62,213136.8,194088.58,179690.28,190615.65,181638.79,189130.08,186493.38,174951.9,192888.41,196250.4,217162.51,211678.9,203183.55,Metabolism, Energy metabolism, Sulfur metabolism
kegg148,8158.5,7877.66,9455.97,9682.51,9857.1,10977.49,9779.17,9724.15,9008.64,12167.73,10170.93,10867.07,9912.45,7838.46,8109.5,8958.67,9019.83,7831.16,7705.06,9504.04,9437.29,11925.58,9168.81,10728.24,Metabolism, Glycan biosynthesis and metabolism, Glycosaminoglycan degradation
kegg149,5238.75,5883.35,6623.2,7124.18,7053.26,8109.16,6492.84,6671.15,6658.5,10132.15,6732.33,8243.58,7492.41,5291.37,5111.24,6645.67,6610.61,5175.35,5428.06,6383.67,6636.89,9174.74,6598.64,7971.64,Metabolism, Glycan biosynthesis and metabolism, Glycosphingolipid biosynthesis - ganglio series
kegg150,13018.28,13277.27,12852.01,17244.54,15094.44,16813.16,13299.69,12938.29,12691.11,17297.31,14144.64,16676.5,14429.92,10641.94,12280.9,12672.67,12947.9,10882.69,11011.13,14057.55,13168.62,16551.22,15244.66,15254.69,Metabolism, Glycan biosynthesis and metabolism, Glycosphingolipid biosynthesis - globo and isoglobo series
kegg151,0,0,0,0,0,0,0,0,0,8,0,60,0,12,0,0,4,0,0,0,8,0,0,24,Metabolism, Glycan biosynthesis and metabolism, Glycosylphosphatidylinositol (GPI)-anchor biosynthesis
kegg152,210722.45,288240.66,215415.61,245278.44,244186.89,249226.17,210978.52,254055.56,253582.39,283463.45,256698.12,263890.11,280758.15,258190.3,214292.33,283780.44,262752.3,234844.78,273330.61,256885.55,255734.6,245613.1,227367.02,261544.46,Metabolism, Glycan biosynthesis and metabolism, Lipopolysaccharide biosynthesis
kegg153,21799.61,21747.02,23136.12,28389.65,26636.74,27034.14,26126.61,28045.68,27115.64,27004.65,26842.66,27322.8,28706.43,26311.36,30233.21,29939.56,27782.42,27043.63,28319.4,28525.31,27182.58,24683.2,24542.15,26289.19,Metabolism, Glycan biosynthesis and metabolism, N-Glycan biosynthesis
kegg154,26841.9,33719.61,27351.83,41495.48,33722.35,38590.12,29165.06,29814.1,29419.15,44187.98,32402.49,40050.82,39836.18,26854.95,26124.61,37082.16,30446.21,28537.23,30314.31,35306.72,31914.41,38901.12,36097.26,38249.75,Metabolism, Glycan biosynthesis and metabolism, Other glycan degradation
kegg155,456163.23,476593.46,409931.66,442868.02,436072.91,455006.33,449362.8,445465.14,440693.18,465970.87,453181.21,453893.96,441647.06,424832.02,431191.4,443926.54,437417.85,426353.3,436004.23,439771.97,440757.88,446417.16,462310.66,444927.51,Metabolism, Glycan biosynthesis and metabolism, Peptidoglycan biosynthesis
kegg156,403,1612,231,328,489,275.5,301.5,235,592,239,379.5,356,386.5,365.5,445.5,386.5,598.5,318,346,555,452,238.5,166,405,Metabolism, Glycan biosynthesis and metabolism, Various types of N-glycan biosynthesis
kegg157,54156.74,74091.26,55509.65,60424.52,59587.94,63920.86,58297.15,59234.77,60786.82,67262.43,60869,62587.77,59667.73,53395.06,54345.98,60075.68,56714.8,53456.41,56078.33,57458.94,59192.11,62667.97,60030.8,61225.44,Metabolism, Lipid metabolism, Arachidonic acid metabolism
kegg158,184539.37,213196.43,170890.76,184706.51,184609.29,191206.58,181897.54,183854.61,177309.43,186639.09,183428.95,190250.3,175035.92,164909.73,172341.01,174675.33,172346.2,166954.41,169706.98,175870.03,175397.88,179297.18,182035.65,178765.32,Metabolism, Lipid metabolism, Biosynthesis of unsaturated fatty acids
kegg159,12999.91,13537.5,14722.36,13519.48,14180.58,15890.15,16781.37,14563.38,12130.65,13497.59,15061.18,14367.18,12030.23,11204.83,13490.91,10557.84,11655.79,12883.68,10250.2,12582.07,13407.06,16200.23,14155.91,13905.08,Metabolism, Lipid metabolism, Ether lipid metabolism
kegg160,378567.86,432663.15,351170.09,382384.39,386395.64,397372.24,378758.93,380011.75,379736.63,398000.69,384649.22,391270.94,379722.36,355507.01,359426.39,382967.89,371419.26,355226.58,375962.17,378460.65,372631.51,378840.28,394802.31,380852.76,Metabolism, Lipid metabolism, Fatty acid biosynthesis
kegg161,347889.95,497774.77,370079.09,389646.03,399780.96,423555.6,409988.1,382730.82,380854.25,390639.21,393760.9,392926.65,346284.47,329668.92,372444.96,336339.04,355697.5,339882.8,333123.65,363266.9,366127.37,384251.11,390760.02,377437.98,Metabolism, Lipid metabolism, Fatty acid degradation
kegg162,600.16,1875.83,584.16,641.34,735,701.33,609.51,521.33,782.01,812.74,835.33,691.66,683.33,367.17,679.16,550.83,653.84,676.17,462.66,424.66,655.17,634.5,482.84,643.5,Metabolism, Lipid metabolism, Fatty acid elongation
kegg163,196765.61,236204.4,174299.6,199831.53,194553.54,201488.53,188948.7,186686.48,183115.41,189771.51,191211.13,194043.77,180418.79,170661.72,184989.1,181081.03,178427.16,179208.31,176868.23,188198.93,184195.42,184280.27,197727.12,189020.24,Metabolism, Lipid metabolism, Glycerolipid metabolism
kegg164,319024.31,409454.42,319687.28,347492.15,343176.26,357007.36,341515.21,342148.86,333643.59,359911.76,348269.05,352064.02,334624.06,319622.76,324085.17,333784.05,328944.8,316747.55,327547,334213.28,334362.13,342959.26,355565.98,345195.8,Metabolism, Lipid metabolism, Glycerophospholipid metabolism
kegg165,12811.73,17321.3,13873.66,15639.52,15059.54,17829.76,13925.1,12987.64,11542.87,13719.1,14219,14964.22,12041.69,10216.81,12250.37,9869.86,12058.94,10461.93,9030.39,12443.17,12438.42,16223.52,13985.13,13647.65,Metabolism, Lipid metabolism, Linoleic acid metabolism
kegg166,3775.74,7207.75,5180.1,4164.86,4812.09,5279.86,5536.51,4078.83,4487.27,4152.57,4775.82,4386.08,3039.73,3045.41,4258.24,2937.5,3533.77,3363.49,2858,3460.33,3645.24,4260.34,3711.34,4007.09,Metabolism, Lipid metabolism, Primary bile acid biosynthesis
kegg167,803.5,2265,1105,892.67,994.33,1040.53,1183.33,897.17,982.42,865.25,808.16,890.67,543.8,771.33,774.33,673.67,697.67,678.16,640,750.33,665.83,770,659.83,848.34,Metabolism, Lipid metabolism, Secondary bile acid biosynthesis
kegg168,24276.28,35012.63,20955.45,32443.15,29295.21,28570.23,22403.92,22895.26,23128.68,27131.61,26530.61,28888.4,27884.89,18151.65,22434.71,24095.33,20673.72,20456.04,20982.3,25951.08,22394.37,25048.96,24730.44,26410.59,Metabolism, Lipid metabolism, Sphingolipid metabolism
kegg169,21779.71,16197.26,11531.39,11225.67,12614.28,12363.85,13358.2,12231.96,10905.22,8987.36,11274.81,11378.41,9502.75,9607.61,12794.7,9745.67,9733.79,12187.33,9043.79,9891.05,11026.86,8978.19,9774.74,10197.36,Metabolism, Lipid metabolism, Steroid biosynthesis
kegg170,9338.7,13593.95,7930.27,9533.95,12546.93,10195.86,9354.04,10110.81,9727.94,7714.84,9726.81,9293.24,9118.54,7457.23,9939.9,9108.85,7894.69,7968.18,8852.92,9820.78,8534.31,6965.36,7931.9,8839.86,Metabolism, Lipid metabolism, Steroid hormone biosynthesis
kegg171,102190.98,160416.97,114237.5,124463.2,123945.25,134635.34,128839.38,115529.87,120602.76,133473.16,124881.82,126521.07,110264.73,98188.97,114812.66,102353.16,110780.85,103322.05,98714.82,115010.86,116678.06,133571.73,125084.12,120467.41,Metabolism, Lipid metabolism, Synthesis and degradation of ketone bodies
kegg172,24077.54,36672.91,28968.13,29192.67,29130.55,32154.41,31279.98,30908.17,29507.98,32329.44,31427.66,31586.45,28030.51,27951.93,28733.91,28552.39,28689.54,26826.3,27453.6,28531.03,30127.64,33373.92,29706.82,30342.4,Metabolism, Lipid metabolism, alpha-Linolenic acid metabolism
kegg173,88538.41,97951.02,84462.67,87698.9,85443.06,95456.25,91860.41,88117.09,86699.7,98670.64,92279.88,94168.53,86279.7,81659.1,82155.49,79465.77,86774.39,80767.53,74782.78,80285.47,85837.92,95270.28,83578.92,88519.23,Metabolism, Metabolism of cofactors and vitamins, Biotin metabolism
kegg174,191986.08,221463.04,178456.26,197199.18,192191.92,203032.83,191781.57,189358.19,192405.12,209733.63,197569.33,202160.34,192507.27,177465.15,183475.04,187548.9,186832.86,180265.5,179870.04,187944.75,189803.44,200309.38,198101.7,195055.29,Metabolism, Metabolism of cofactors and vitamins, Folate biosynthesis
kegg175,64989.37,55254.87,50027.99,56934.18,54443.79,56259.14,54061.44,55213.87,54477.84,57285.31,55624.77,56920.36,56435.83,53792.59,55911.27,57246.11,55239.98,56056.19,56195.46,56857.66,56230.8,54341.8,58195.96,55380.44,Metabolism, Metabolism of cofactors and vitamins, Lipoic acid metabolism
kegg176,308881.2,313954.22,263129.63,289218.05,284565.83,294753.2,285968.79,286310.48,284481.83,296634.36,291756.46,294429.93,288188.65,271517.81,282636.01,284308.55,282566.24,280402.48,279391.2,288725.28,286998.44,288683.18,288740.48,286904.64,Metabolism, Metabolism of cofactors and vitamins, Nicotinate and nicotinamide metabolism
kegg177,288270.76,314947.19,259253.05,284425.15,283435.98,295740.46,284925.89,283570.1,289306.09,309494.71,294553.4,293455.17,284540.28,269974.53,274626.99,278763.62,283630.25,267899.55,274031,280428.54,283652.6,291219.87,286768.92,287107.4,Metabolism, Metabolism of cofactors and vitamins, One carbon pool by folate
kegg178,384992.88,412873.45,352084.45,386431,382950.97,395559.89,389438.93,385756.2,375920.9,390572.94,391843.39,388742.54,374632.79,358738.54,370007.22,368185.64,374642.09,360998.68,366828.1,378581.9,369746.99,378839.67,393187.86,378158.96,Metabolism, Metabolism of cofactors and vitamins, Pantothenate and CoA biosynthesis
kegg179,648757.88,623169.17,491332.71,538739.21,523930.69,542175.2,527913.43,512919.95,499716.17,534191.26,515400.11,539254.21,504270.11,473804.33,508411.88,476322.98,493846.52,518239.35,463212.98,493319.12,505977.8,510967.5,529967.78,513189.83,Metabolism, Metabolism of cofactors and vitamins, Porphyrin and chlorophyll metabolism
kegg180,42549.84,50356.6,38532.45,37526.94,40105.26,44983.33,41344.07,40428.92,38761,39672.47,40425.33,39331.78,33777.88,32462.55,36916.46,31085.61,35582.75,33109.79,30340.09,35129.59,35931.13,38975.64,37696.98,38016.89,Metabolism, Metabolism of cofactors and vitamins, Retinol metabolism
kegg181,129692.01,150611.33,127721.52,137514.46,132952.99,139635.14,136778.91,136003.64,133051.71,144112.18,139638.95,140961.03,134204.33,126804.09,129166.34,128824.55,132317.23,127759.51,127008.65,130968.41,132310.37,137427.39,136559.76,136612.99,Metabolism, Metabolism of cofactors and vitamins, Riboflavin metabolism
kegg182,204644.41,213946.12,174385.78,192221.5,192960.04,193168.18,190971.73,189744.3,191045.31,193034.76,193364.48,191614.95,194019.94,186505.47,185848.53,197373.19,189880.34,188502.76,197386.93,198147.69,192318.61,183816.2,205322.17,191415.22,Metabolism, Metabolism of cofactors and vitamins, Thiamine metabolism
kegg183,229310.66,242758.23,184407.23,203945.4,199444.15,208188.44,195170.96,203140.07,203109.72,217136.82,205865.01,212042.23,204353.48,192616.98,194794.88,203326.61,197541.34,200970.42,193559.67,198542.93,202724.44,200643.11,195815.66,202932.1,Metabolism, Metabolism of cofactors and vitamins, Ubiquinone and other terpenoid-quinone biosynthesis
kegg184,123988.63,138228.07,112916.12,126993.08,123968.84,128216.89,124433.95,126133.26,125064.58,129582.23,126524.91,127562.46,124144.22,118536.15,123464.71,125175.95,123105.57,119597.55,122947.62,125681.47,123081.45,122709.35,126747.24,124247.61,Metabolism, Metabolism of cofactors and vitamins, Vitamin B6 metabolism
kegg185,166785.06,184601.85,150244.95,166206.91,159660.12,171724.99,161582.96,160011.46,155166.84,166028.21,164653.14,166795.21,154511.38,139021.6,152217.52,150931.2,147522.7,147880.84,142471.74,151322.22,153148.81,160662.42,154317.19,158202.71,Metabolism, Metabolism of other amino acids, Cyanoamino acid metabolism
kegg186,68215.97,72930.28,60185.47,64223.38,64095.91,67145.35,65985.37,66406.56,64134.54,66539.18,66578.03,66432.19,63182.53,61471.6,62582.61,63818.33,63946.01,61314.95,62750.7,62685.97,63412.73,63687.06,67753.05,64770.58,Metabolism, Metabolism of other amino acids, D-Alanine metabolism
kegg187,7453.73,12631.17,8861.52,8019.3,9017.8,9556.3,8953.1,8487.81,8120.04,9779.84,8455.92,8914.21,6754.78,7184.34,6472.21,6661.99,8192.88,6228.96,6723.87,6600.51,7736.87,8192.27,9622.32,8605.02,Metabolism, Metabolism of other amino acids, D-Arginine and D-ornithine metabolism
kegg188,95324.7,96799.23,77384.43,88811.93,85960.08,88045.53,84638.64,85250.9,86011.25,90175.62,87182.36,88044.76,87428,81185.08,85807.68,86783.83,85853.28,85834.1,86432.01,87233.34,85653.66,84033.61,84003.78,86703.6,Metabolism, Metabolism of other amino acids, D-Glutamine and D-glutamate metabolism
kegg189,315381.85,388767,283630.98,303423.61,300026.07,321384,295389.44,282513.61,297952,350027.37,308443.33,318801.76,298101.71,254703.72,266954.89,269625.4,275916.4,276865.83,256193.84,281060.18,292922.23,329786.94,294961.34,300202.91,Metabolism, Metabolism of other amino acids, Glutathione metabolism
kegg190,26350.85,36283.93,25512.86,26514.16,26120.47,30452.01,27224.18,22817.51,24072.32,31242.42,26432.15,27754.29,23315.58,19786.34,21599.14,19951.84,21758.68,22254.61,18099.78,23024.06,24508.94,32204.98,28686.94,26291.19,Metabolism, Metabolism of other amino acids, Phosphonate and phosphinate metabolism
kegg191,314587.01,330703.75,283209.45,309582.51,305770.29,319389.34,308478.56,312443.15,309775.39,317991.62,313602.79,314887.88,308928.82,291923.72,303705.06,314350.06,301436.06,295469.56,306035.35,311072.85,304794.17,302216.84,315349.69,308164.56,Metabolism, Metabolism of other amino acids, Selenocompound metabolism
kegg192,96907.08,103717.81,86597.99,90343.32,91023.96,95457.97,88590.61,93622.93,91333.72,93200.03,93629.71,93269.01,90822.74,87028.11,87938.56,92901.4,89344.85,86620.92,90844.84,90422.43,90043.49,86181.9,98096.6,91201.3,Metabolism, Metabolism of other amino acids, Taurine and hypotaurine metabolism
kegg193,192973.6,269490.08,193951.58,209763.22,214100.08,225803.05,219238.43,198325.83,196881.98,205077.89,208811.53,208292.19,181737.65,171875.18,196006.5,173034.32,185773.17,180776.41,172070.86,188935.28,191668.69,203727.99,205491.5,197747.81,Metabolism, Metabolism of other amino acids, beta-Alanine metabolism
kegg194,49.75,37.67,95.67,27.5,0,39.67,110.67,0,50.17,28.67,49.83,4.5,27,16,35.33,23,25.17,48.5,33.5,160.5,14.58,13.83,35.67,11.5,Metabolism, Metabolism of terpenoids and polyketides," Biosynthesis of 12-, 14- and 16-membered macrolides"
kegg195,41199.85,47514.18,36101.44,41541.68,42385.09,42798.27,39986.68,42084.74,39348.8,39908.51,40934.93,41055.99,40011.64,37593.81,39412.01,40875.5,40315.17,38364.1,39737.95,41941.4,39549.76,38115.79,41662.39,40679.03,Metabolism, Metabolism of terpenoids and polyketides, Biosynthesis of ansamycins
kegg196,14458.1,28639.64,19525.01,21879.2,17823.58,20567.85,22285.88,19029.83,20036.15,22028.18,18298.38,20710.07,15719.54,15824.77,20254.8,16368.67,17867.32,18094.82,15772.87,14065.36,17954.64,16929.23,16897.23,19117.54,Metabolism, Metabolism of terpenoids and polyketides, Biosynthesis of siderophore group nonribosomal peptides
kegg197,775,1053.92,1221.51,1687.01,1281.77,1012.51,1870.35,772.16,943.83,1045.01,1107.3,1595.75,1003.95,623.71,1329.56,521.65,688.43,1374.15,805.37,983.35,1042.64,902.03,1353.47,959.41,Metabolism, Metabolism of terpenoids and polyketides, Biosynthesis of type II polyketide backbone
kegg198,109,31.91,78.5,21.34,98.25,0,75.34,70.66,74,54,69.66,84.75,0.25,28.41,46.25,18,44.25,24.5,9.34,23,51,45.34,41.66,46.41,Metabolism, Metabolism of terpenoids and polyketides, Biosynthesis of type II polyketide products
kegg199,32978.39,33640.67,29459.57,34304.98,33053.55,32883.56,32266.89,35470.22,32107.38,31460.17,33834.74,34159.27,34614.18,32965.43,33680.29,36165.11,33233.58,33428.53,34988.24,34937,32629.85,30808.43,32829.21,32987.56,Metabolism, Metabolism of terpenoids and polyketides, Biosynthesis of vancomycin group antibiotics
kegg200,40,0,0,0,27,16,56,0,0,6,8,10,2,3,33,7,6,2,0,2,0,0,0,6,Metabolism, Metabolism of terpenoids and polyketides, Brassinosteroid biosynthesis
kegg201,41299.2,36279.74,28916.6,29588.52,30354.78,33402.29,33132.7,28966.41,29654.83,31173.69,31722.61,31202.61,27476.61,24282.73,30184.37,25630.12,27668.51,32350.02,24852.41,26278.15,29387.9,28600.08,28831.55,28052.61,Metabolism, Metabolism of terpenoids and polyketides, Carotenoid biosynthesis
kegg202,112267.41,188501.42,124058.34,136377.6,140609.28,149251.39,145798.65,127747.48,128590.7,140536.51,135032.48,139016.15,118445.41,106203.03,124066.89,109322.13,117822.87,112358.22,105431.69,118874.08,125203.05,140616.51,119444.53,129007.39,Metabolism, Metabolism of terpenoids and polyketides, Geraniol degradation
kegg203,85021.84,128765.91,89768.08,96395.95,99958.6,108100.3,103635.22,90031.74,91090.33,93329.49,94921.67,95470.09,78658.76,72752.34,90966.39,75046.78,83022.86,79378.23,74507.31,85188.77,86404.9,94943.66,91234.75,88938.42,Metabolism, Metabolism of terpenoids and polyketides, Limonene and pinene degradation
kegg204,266,193,310,262,253,344,386,258,345,183,293,197.5,110,187,189,194,228,237,195,204,186.5,232.5,197,177.5,Metabolism, Metabolism of terpenoids and polyketides, Monoterpenoid biosynthesis
kegg205,111025.94,119763.86,100041.27,111921.12,108285.43,110550.76,106905.55,112071.07,105211.25,108231.37,111761.82,112054.08,110798.65,105709.34,106168.88,113003.61,107657.6,107654.61,108468.57,111950.21,106751.36,105835.76,109254.96,109574.17,Metabolism, Metabolism of terpenoids and polyketides, Polyketide sugar unit biosynthesis
kegg206,1077.91,1938.9,961.41,823.37,1603.78,1278.33,920.68,843.49,825.01,987.66,822.49,834.74,539.61,450.06,811.08,585.99,532.75,447.49,564.52,476.34,627.41,595.69,606.48,1151.58,Metabolism, Metabolism of terpenoids and polyketides, Sesquiterpenoid and triterpenoid biosynthesis
kegg207,324586.37,358112.75,304682.14,334081.25,329487.58,342493.35,335662.64,334262.16,330681.85,344273.22,338437.38,341089.81,325057.44,314301,325357.62,324415.07,327165.65,313277.07,321630.2,329466.89,326328.4,326893.98,333205.06,330675.07,Metabolism, Metabolism of terpenoids and polyketides, Terpenoid backbone biosynthesis
kegg208,94496.31,104995.76,84093.56,93619.32,92761.85,93726.97,86773.74,92555.59,95288.32,101918.78,94735.91,95432.33,99577,91940.22,85639.24,101321.33,94988.59,90807.55,99896.49,95783.65,94731.19,91420.52,100020.98,95754.58,Metabolism, Metabolism of terpenoids and polyketides, Tetracycline biosynthesis
kegg209,25223.54,25467.82,22758.39,25227.23,24574.3,25432.28,25014.8,25406.46,25164.48,26201.14,25764.09,25556.35,25523.92,24386.49,24622.65,25640.78,25162.02,24281.25,25416.58,25229.88,24877.95,24758.55,25232.77,25191.24,Metabolism, Metabolism of terpenoids and polyketides, Zeatin biosynthesis
kegg210,1359061.37,1511605.46,1229251.52,1354760.98,1322135.02,1370199.57,1321610.19,1312306.62,1311147.38,1391150.96,1353464.17,1366532.78,1318594.73,1246835.14,1282283.78,1298076.14,1296373.6,1264901.29,1267318.36,1316715.48,1306167.11,1337628.51,1358501.6,1334093.78,Metabolism, Nucleotide metabolism, Purine metabolism
kegg211,988880.59,1066736.13,904294.9,1003814.63,969260.62,1004041.36,969278.1,978469.45,977644.29,1036561.42,1000856.24,1010556.03,992087.04,937323.71,953244.64,989034.99,975326.08,939580.38,967551.75,984217.38,973428.77,981899.78,1016915.07,991868.68,Metabolism, Nucleotide metabolism, Pyrimidine metabolism
kegg212,165630.43,218918.11,166258.2,172010.9,180082.76,191554.08,182565.56,167442.54,160939.38,168688.69,175220.64,174573.81,149951.03,134212.71,163099.52,139519.68,150257.66,148016.01,135450.19,151952.39,156944.15,172722.35,166186.64,162985.52,Metabolism, Xenobiotics biodegradation and metabolism, Aminobenzoate degradation
kegg213,32464.82,38136.26,21140.05,24615.29,23218.27,23835,19156.33,17210.41,15712.41,19708.35,19055.88,21308.3,18255.19,13761.41,18248.72,14352.16,16374.08,20956.72,12068.27,18991.59,19176.68,20339.15,23045.81,20578.71,Metabolism, Xenobiotics biodegradation and metabolism, Atrazine degradation
kegg214,233867.86,371565.7,252222.2,265224.14,270102.85,294039.41,276150.35,248472.42,247146.34,262004.01,265885.93,264839.4,224208.61,208126.25,246204.1,211356.33,230298.75,223772.42,204967.58,238877.36,245370.41,272343.72,260123.87,253415.38,Metabolism, Xenobiotics biodegradation and metabolism, Benzoate degradation
kegg215,28577.67,40013.6,29277.67,28677.26,32051.26,34506.01,32454.31,27633.85,26894.11,23325.73,29487.42,28397.64,21992.98,19807.76,26942.03,18315.15,24263.07,22116.88,18895.46,24187.09,24504.54,26333.98,27133.28,24535.88,Metabolism, Xenobiotics biodegradation and metabolism, Bisphenol degradation
kegg216,48791.76,78314.66,51777.22,56204.3,58140.26,63797.64,59167.87,49775.67,51617.19,55616.63,54254.34,55310.52,44980.74,37936.5,49849.22,38516.18,44648.4,44691.93,38658.24,46221.15,47393.88,53465.49,44753.23,50765.4,Metabolism, Xenobiotics biodegradation and metabolism, Caprolactam degradation
kegg217,124607.5,162727.92,116870.74,121974.36,128239.07,139520.4,128682.71,124552.49,118671.37,121238.66,124268.98,123515.86,108755.1,103315.29,116570.57,106662.49,110645.77,107040.62,101653.96,114532.55,114584.24,123825.84,128872.2,119432.17,Metabolism, Xenobiotics biodegradation and metabolism, Chloroalkane and chloroalkene degradation
kegg218,55543.4,69546.65,53352.14,56011.59,58217.93,64589.51,56570.15,57954.25,56731.33,59244.72,59052.09,58910.36,52183.35,47374.15,53029.98,50361.79,51448.04,51145,48400.25,52676.77,54598.69,56905.98,50822.61,55066.19,Metabolism, Xenobiotics biodegradation and metabolism, Chlorocyclohexane and chlorobenzene degradation
kegg219,25712.64,37158.16,22305.53,26260.27,23514.94,24885.1,20321.51,18866.45,17782.41,20365.65,18448.19,22543.78,20318.29,16451.46,19543.29,16160.08,17788.88,18721.8,14829.38,18323.31,19657.56,20896.56,29595.49,20681.57,Metabolism, Xenobiotics biodegradation and metabolism, Dioxin degradation
kegg220,125971.19,168247.56,113252.68,113247.02,117311.77,133299.8,123015.34,107481.68,115733.25,140169.3,122652.67,123661.93,108670.93,90077.57,101051.34,90500.23,102531.16,103069.55,84355.53,102268.2,111595.24,137336.61,108972.79,115355.62,Metabolism, Xenobiotics biodegradation and metabolism, Drug metabolism - cytochrome P450
kegg221,127011.21,145312.98,126171.23,144247.26,133254.49,138999.68,132959.96,134113.76,133193.82,139102.59,136917.36,140436.26,136466.39,128037.74,136792.82,139615.54,132589.81,127980.59,135105.32,138819.4,134140.91,135004.37,147736.12,136896.32,Metabolism, Xenobiotics biodegradation and metabolism, Drug metabolism - other enzymes
kegg222,32415.71,48926.31,37809.95,39880.84,37711.34,41360.51,39638.36,37861.18,34826.36,38356.4,37509.25,39543.3,34719.29,32166.13,36379.01,33160.9,34869.87,32801.77,32204.66,34644.33,35700.39,39404.27,40749.87,36959.56,Metabolism, Xenobiotics biodegradation and metabolism, Ethylbenzene degradation
kegg223,37779.3,53795.69,36937.88,37027.13,39297.21,43959.86,36330.94,39732.94,39734.73,40612.85,41990.08,39716.04,37122.96,34705.63,34793.85,37230.69,36701.81,35753.72,36598.4,36888.58,38475.34,37169.05,33820.43,38005.26,Metabolism, Xenobiotics biodegradation and metabolism, Fluorobenzoate degradation
kegg224,118229.7,157396.65,104833.53,105496,109202.96,123457.77,111717.33,99501.69,107735.26,131014.45,113802.83,115531.69,101186.55,83241.17,92630.1,83956.22,94657.07,94980.9,77608.33,94750.21,103219.68,127171.94,99434.24,106794.66,Metabolism, Xenobiotics biodegradation and metabolism, Metabolism of xenobiotics by cytochrome P450
kegg225,93253.07,125732.01,86309.28,91575,95744.95,103686.3,94737.7,88358.55,86659.4,90881.45,89031.29,92685.44,80670.13,73058.18,83633.9,74759.03,80630.95,77808.64,71996.06,83953.71,85787.34,93699.24,90994.74,88627.43,Metabolism, Xenobiotics biodegradation and metabolism, Naphthalene degradation
kegg226,65567.69,60205.39,61669.38,61200.33,65023.04,68551.4,72502.92,66566.8,57094.03,50382.36,63495.75,59499.97,49628.15,55419.71,65180.56,51031.71,57944.96,54311.62,51056.15,55569.77,55834.03,54668.72,67502.51,56065.85,Metabolism, Xenobiotics biodegradation and metabolism, Nitrotoluene degradation
kegg227,22201.69,29027.35,17983.56,19053.51,22353.86,23715.33,22720.01,18720.32,18897.2,16448.48,19709.5,18775.75,14279.22,13449.83,19281.06,13517.28,16431.27,16446.26,12893.22,17689.17,17705.04,20153.84,17513.66,18183.04,Metabolism, Xenobiotics biodegradation and metabolism, Polycyclic aromatic hydrocarbon degradation
kegg228,71792.32,102622.3,70984.65,73295.33,78530.17,84998.78,82416.03,77551.82,75719.64,79484.61,79988.5,76813.21,67283.96,64766.47,71596.73,67887.49,70028.14,66645.4,66260.25,69824.48,73982.52,78636.02,69057.46,73310.15,Metabolism, Xenobiotics biodegradation and metabolism, Styrene degradation
kegg229,126519.79,143950.61,117744.83,129517.21,130404.25,134948.55,125179.63,133381.8,132812.04,138065.95,132976.31,133585.13,133275.23,124709.74,125144.85,133657.07,128558.82,123916.95,130465.37,132016.36,131319.95,126983.38,126925.2,130984.81,Metabolism, Xenobiotics biodegradation and metabolism, Toluene degradation
kegg230,18973.53,26937.54,16484.2,18056.25,17444.58,18365.31,16127.52,13451.07,13814.89,14418.85,14580.96,16451.91,15202,12312.06,14970.06,12891.38,12914.63,13003.67,11030.06,13536.45,15437.55,16286.56,22125.49,15087.07,Metabolism, Xenobiotics biodegradation and metabolism, Xylene degradation
kegg231,25383.59,41288.84,33365.91,30176.77,31918.49,36490.87,36194.05,32949.35,35555.93,44927.92,36713.91,35891.94,31314.32,28863.22,26784.06,26387.19,31971.84,26766.82,25418.84,28746.01,32819.1,41755.94,30638.83,34254.96,Organismal Systems, Circulatory system, Cardiac muscle contraction
kegg232,66,23,36,51,49,91,78,92,19,24,51,26,37,39,19,30,35,29,43,46,29,32,51,49,Organismal Systems, Circulatory system, Vascular smooth muscle contraction
kegg233,0,53.33,0,10.67,13.5,0,17.17,17.33,9.5,6,10.33,0,0,6.33,43.75,0,11.5,10.5,4.67,0,5,8.17,8.83,6.33,Organismal Systems, Development and regeneration, Axon guidance
kegg234,218,67,146,124,178,268,183,283,133,89,221,167,98,131,182,106,129,105,61,120,152,126,146,91,Organismal Systems, Development and regeneration, Dorso-ventral axis formation
kegg235,0,612.17,95.67,41.5,40,39.67,217.67,0,89.17,63.67,59.33,31.5,45,16,34.33,36,24.67,56,20,71.5,29.33,49.33,42.67,12,Organismal Systems, Development and regeneration, Osteoclast differentiation
kegg236,403,452.33,645,629,863,720,541,531,659.5,580,571,495,478,471.5,485.5,313,471,425.5,261,447,625,361,524,555.66,Organismal Systems, Digestive system, Bile secretion
kegg237,2665.75,7665.78,4375.72,4391.88,3829.71,4063.83,3358.1,2465.5,2940.27,3904.61,3617.82,3686.54,3086.08,2210.72,2600.6,2830.72,2701.67,3871.91,2102.39,2964.58,3628.22,4154.17,5356,3686.75,Organismal Systems, Digestive system, Carbohydrate digestion and absorption
kegg238,260,242.33,480,263,309,404,370,367,175.5,223,280.5,200,278.5,303.5,241,180.5,251,280,218,357.5,338,238,356,268,Organismal Systems, Digestive system, Gastric acid secretion
kegg239,452.75,384.66,612,442.67,531.5,571,492.17,575.33,344.5,325,472.33,341,345,381.33,431,257,378.5,390.5,242.67,540,489.25,381.17,460.83,319.33,Organismal Systems, Digestive system, Pancreatic secretion
kegg240,5882.4,7714.33,7521.14,8903.1,8089.25,9016.41,6989.44,8558.9,8706.17,10633.06,8567.49,9536.58,10665.13,8928.18,7655.15,11528.17,8991.56,8362.42,10349.98,9330.77,8988.58,8184.59,7371.53,9786.93,Organismal Systems, Digestive system, Protein digestion and absorption
kegg241,260,242.33,478,263,319,404,370,367,230,234,330,200,271,302,239,178,251,280,216,354,341,238,355,264,Organismal Systems, Digestive system, Salivary secretion
kegg242,66541.73,83677.7,71037,74895.15,73475.35,77083.3,75430.48,73474.05,68859.3,67965.47,72383.91,73865.9,67616,64249.13,73039.17,66650.92,67320.69,67394.61,65479.13,69603.87,68189.87,68835.87,79446.31,70498.24,Organismal Systems, Endocrine system, Adipocytokine signaling pathway
kegg243,139.5,196,98,120,162,175,174,105,67.5,92,172.5,117,90.5,145.5,98.5,96.5,155.5,97,115,85.5,129,166.5,138,147,Organismal Systems, Endocrine system, GnRH signaling pathway
kegg244,46667.96,47543.93,37781.19,41389.38,40072.06,42157.19,39296.17,39744.84,38798.54,42435.15,40663.15,42452.39,40306.16,37829.86,38075.13,39136.69,39278.63,39435.25,36469.14,38629.95,40786.48,40279.07,41435.86,40736.04,Organismal Systems, Endocrine system, Insulin signaling pathway
kegg245,932.5,1221.51,2383.49,991.5,1244.68,1422.33,1305.99,1059.84,595.66,925.33,1310.5,993.67,795.68,689.99,541.99,626.82,839.17,991.99,649.01,864.18,710.82,1076.35,1161.49,811.51,Organismal Systems, Endocrine system, Melanogenesis
kegg246,150909.53,183998.06,147924.08,157976.72,156534.69,162803.01,161091.81,151846.28,145580.35,145792.23,154973.18,155910.39,137889.28,129735.02,150226.71,132968.56,137901.33,140751.71,130027.16,140927.48,142083.24,145264.79,155822.79,147043.81,Organismal Systems, Endocrine system, PPAR signaling pathway
kegg247,14167.34,18738.71,11754.88,14024.91,13236.17,13896.1,11327.95,11373.41,11065.95,14419.03,12384.99,13826.78,12139.61,10552.07,9916.09,10119.74,11099.45,10995.03,9210.05,10650.3,11568.23,13846.03,12962.94,12566.83,Organismal Systems, Endocrine system, Progesterone-mediated oocyte maturation
kegg248,3167.72,8860.25,3706.08,5127.11,4427.67,4820.9,4370.28,3147.9,4719.09,5711.95,4518.83,4953.99,4658.72,2618.28,3975.24,3732.66,3533.64,3265.6,2708.62,3096.09,4090.52,5131.26,2449.87,4351.01,Organismal Systems, Endocrine system, Renin-angiotensin system
kegg249,0,0,0,19,0,0,0,0,0,0,0,0,0,0,0,0,0,0,0,0,11,0,0,0,Organismal Systems, Environmental adaptation, Circadian rhythm - plant
kegg250,95108.02,120428.69,89816.68,97383.92,93946.51,99827.94,92574.74,92343.37,88999.66,100885.79,96858.6,98107.71,92879.41,82982.92,85254.43,86329.47,87868.02,87271.47,81776.3,89029.1,90038.26,100239,96347.18,96473.21,Organismal Systems, Environmental adaptation, Plant-pathogen interaction
kegg251,194,219.33,442,212,244,313,292,275,156,195,224,174,234,263,220,148,216,251,173,308,309,206,304,215,Organismal Systems, Excretory system, Aldosterone-regulated sodium reabsorption
kegg252,30151.9,31270.09,21152.27,26044.18,24912.78,25278.08,22609.78,22663.75,22997.96,23478.54,22875.99,25181.5,24261.96,20821.36,24503.62,23698.24,22001.98,23641.79,21943.54,24993.67,23677.67,24317.43,21342.04,24074.23,Organismal Systems, Excretory system, Proximal tubule bicarbonate reclamation
kegg253,1,0.2,0,0.5,0,0,4.6,0,0,1.5,0,1,0.5,1.2,2.2,0,2.5,4.5,0.2,0,1.5,2.6,14.6,11.8,Organismal Systems, Excretory system, Vasopressin-regulated water reabsorption
kegg254,14167.34,18738.71,11754.88,14024.91,13236.17,13896.1,11327.95,11373.41,11065.95,14419.03,12384.99,13826.78,12139.61,10552.07,9916.09,10119.74,11099.45,10995.03,9210.05,10650.3,11568.23,13846.03,12962.94,12566.83,Organismal Systems, Immune system, Antigen processing and presentation
kegg255,0,1,0,0,0,16,0,0,0,0,4,0,2,1,4.25,0,5,2,0,2,0,0,2,0,Organismal Systems, Immune system, B cell receptor signaling pathway
kegg256,0,0,0,0,0,16,0,0,0,0,4,10,2,1,19,0,2,7.5,0,2,0,0,0,0,Organismal Systems, Immune system, Chemokine signaling pathway
kegg257,0,0,0,0,0,16,0,0,0,0,4,0,2,1,0,0,2,2,0,2,0,0,0,0,Organismal Systems, Immune system, Fc epsilon RI signaling pathway
kegg258,73.5,179.33,60,79.67,110.5,68,113.17,30.33,57.5,70,122.33,101,44,110.33,103,64,127,82,74.67,34,105,142.67,92.83,100.33,Organismal Systems, Immune system, Fc gamma R-mediated phagocytosis
kegg259,0,110.17,105.67,41.5,17,76.67,260.67,0,89.17,63.67,59.33,33.5,45,25,52.83,36,24.67,56,20,71.5,41.33,49.33,42.67,18.5,Organismal Systems, Immune system, Hematopoietic cell lineage
kegg260,14167.34,18738.71,11754.88,14031.91,13275.17,13896.1,11487.95,11373.41,11065.95,14419.03,12384.99,13826.78,12141.61,10632.07,9916.09,10119.74,11099.45,10995.03,9270.05,10650.3,11573.23,13966.03,13137.94,12647.83,Organismal Systems, Immune system, NOD-like receptor signaling pathway
kegg261,0,1,0,0,0,16,0,0,0,0,4,0,2,1,4.25,0,5,2,0,2,0,0,2,0,Organismal Systems, Immune system, Natural killer cell mediated cytotoxicity
kegg262,778.5,2770.12,878,1001,1279.5,1282.2,956.5,764,856.5,430,774,802.5,566.66,642,1118.43,523,644.67,789.54,584.5,1114,921.25,759.55,853,954.38,Organismal Systems, Immune system, RIG-I-like receptor signaling pathway
kegg263,0,47,0,0,0,16,0,0,0,0,4,0,2,1,37.25,0,5,2,0,2,0,0,2,0,Organismal Systems, Immune system, T cell receptor signaling pathway
kegg264,0,0,0,0,0,0,0,0,0,0,0,0,1,0,70,0,0,0,0,0,0,0,0,0,Organismal Systems, Nervous system, Long-term depression
kegg265,66,24,38,51,65,91,78,92,19.5,28,56.5,26,44.5,40.5,25.25,32.5,38,29,45,49.5,29,32,54,53,Organismal Systems, Nervous system, Long-term potentiation
kegg266,66,23,38,51,88,107,78,92,19.5,28,60.5,39.5,46.5,41.5,21,32.5,37,31,45,51.5,29,32,52,53,Organismal Systems, Nervous system, Neurotrophin signaling pathway
kegg267,66,23,38,51,65,91,78,92,19.5,28,56.5,26,44.5,40.5,21,32.5,35,29,45,49.5,29,32,52,53,Organismal Systems, Sensory system, Olfactory transduction
kegg268,66,23,36,51,49,91,78,92,19,24,51,26,37,39,19,30,35,29,43,46,29,32,51,49,Organismal Systems, Sensory system, Phototransduction
kegg269,66,23,38,51,65,91,78,92,19.5,28,56.5,26,44.5,40.5,21,32.5,35,29,45,49.5,29,32,52,53,Organismal Systems, Sensory system, Phototransduction - fly
